ID,Item,Business value,Time criticality,Risk reduction / enablement,Size (pts),Cost of delay,WSJF,Release
EN-2,Delivery window mandatory for pilot customers,2,5,8,1,15,15.0,R1
US-07,No message storm (throttling),5,5,8,2,18,9.0,R1
US-13,Pilot toggle and measurement,3,8,13,3,24,8.0,R1
EN-1,Receive TMS changes reliably,1,8,13,3,22,7.3,R1
US-02,Owner and response time,5,3,5,2,13,6.5,R1
US-05,Proactive customer message,13,8,8,5,29,5.8,R1
US-04,"Acknowledge, re-plan, resolve",5,3,8,3,16,5.3,R1
US-08,Missing status: confirm first,5,3,8,3,16,5.3,R1
US-01,Classify a change,8,5,13,5,26,5.2,R1
US-11,Call task for key accounts,5,3,2,2,10,5.0,R1
US-10,Back on schedule,3,2,3,2,8,4.0,R1
US-03,Workbench (list + escalation),8,5,5,5,18,3.6,R1
US-09,"Customs hold, action required",5,2,3,5,10,2.0,R2
US-06,EDI/API status messages,8,3,3,8,14,1.8,R2
US-12,Notification preferences in the portal,3,1,2,5,6,1.2,R2
US-14,Consignee notifications,8,1,2,13,11,0.8,R3
